2023-05-26 01:34:16.795504387 UTC,https://www.investopedia.com/terms/q/quick-response-qr-code.asp
2023-05-26 01:34:16.798713895 UTC,https://www.investopedia.com/terms/q/quick-response-qr-code.asp
2023-05-26 01:34:16.800115134 UTC,https://www.investopedia.com/terms/q/quick-response-qr-code.asp
2023-05-26 01:34:16.801363735 UTC,https://www.investopedia.com/terms/q/quick-response-qr-code.asp
2023-05-26 01:34:19.523809973 UTC,https://www.investopedia.com/terms/q/quick-response-qr-code.asp
2023-05-26 01:34:19.525095844 UTC,https://www.investopedia.com/terms/q/quick-response-qr-code.asp
2023-05-26 01:34:19.526236761 UTC,https://www.investopedia.com/terms/q/quick-response-qr-code.asp
2023-05-26 01:34:19.527369904 UTC,https://www.investopedia.com/terms/q/quick-response-qr-code.asp
2023-05-26 01:34:19.528480284 UTC,https://www.investopedia.com/terms/q/quick-response-qr-code.asp
2023-05-26 01:34:24.897665937 UTC,https://www.investopedia.com/terms/q/quick-response-qr-code.asp
2023-05-26 01:34:24.898800111 UTC,https://www.investopedia.com/terms/q/quick-response-qr-code.asp
2023-05-26 01:34:24.899709962 UTC,https://www.investopedia.com/terms/q/quick-response-qr-code.asp
2023-05-26 01:34:24.900631654 UTC,https://www.investopedia.com/terms/q/quick-response-qr-code.asp
2023-05-26 01:34:24.901522389 UTC,https://www.investopedia.com/terms/q/quick-response-qr-code.asp
2023-05-26 01:34:24.902467947 UTC,https://www.investopedia.com/terms/q/quick-response-qr-code.asp
2023-05-26 01:34:24.903386033 UTC,https://www.investopedia.com/terms/q/quick-response-qr-code.asp
2023-05-26 01:34:24.904306594 UTC,https://www.investopedia.com/terms/q/quick-response-qr-code.asp
2023-05-26 01:34:24.905214490 UTC,https://www.investopedia.com/terms/q/quick-response-qr-code.asp
2023-05-26 01:34:24.906123559 UTC,https://www.investopedia.com/terms/q/quick-response-qr-code.asp
2023-05-26 01:34:24.907043508 UTC,https://www.investopedia.com/terms/q/quick-response-qr-code.asp
2023-05-26 01:34:24.907993364 UTC,https://www.investopedia.com/terms/q/quick-response-qr-code.asp
2023-05-26 01:34:24.908903996 UTC,https://www.investopedia.com/terms/q/quick-response-qr-code.asp
2023-05-26 01:34:24.909816632 UTC,https://www.investopedia.com/terms/q/quick-response-qr-code.asp
2023-05-26 01:34:28.044607865 UTC,https://www.investopedia.com/terms/q/quick-response-qr-code.asp
2023-05-26 01:40:09.723674314 UTC,http://www.wikipedia.com
2023-05-26 01:40:09.724873731 UTC,http://www.wikipedia.com
2023-05-26 01:40:09.725766640 UTC,http://bit.ly/e1E62g?r=qr
2023-05-26 01:40:09.726667112 UTC,http://www.wikipedia.com
2023-05-26 01:40:09.727777741 UTC,Hello :)
2023-05-26 01:40:09.728886858 UTC,http://bit.ly/e1E62g?r=qr
2023-05-26 01:40:09.729984092 UTC,http://www.wikipedia.com
2023-05-26 01:40:09.731086166 UTC,Hello :)
2023-05-26 01:40:09.732183841 UTC,http://www.wikipedia.com
2023-05-26 01:40:09.733280154 UTC,http://bit.ly/e1E62g?r=qr
2023-05-26 01:40:09.734393338 UTC,http://www.wikipedia.com
2023-05-26 01:40:09.735615750 UTC,Hello :)
2023-05-26 01:40:09.736511894 UTC,http://bit.ly/e1E62g?r=qr
2023-05-26 01:40:09.737405673 UTC,http://www.wikipedia.com
2023-05-26 01:40:09.738289965 UTC,Hello :)
2023-05-26 01:40:09.739170860 UTC,http://bit.ly/e1E62g?r=qr
2023-05-26 01:40:09.740051425 UTC,http://www.wikipedia.com
2023-05-26 01:40:09.740938021 UTC,Hello :)
2023-05-26 01:40:09.741817113 UTC,http://bit.ly/e1E62g?r=qr
2023-05-26 01:40:09.742699120 UTC,http://www.wikipedia.com
2023-05-26 01:40:09.743588973 UTC,Hello :)
2023-05-26 01:40:09.744472814 UTC,http://bit.ly/e1E62g?r=qr
2023-05-26 01:40:09.745353428 UTC,http://www.wikipedia.com
2023-05-26 01:40:09.746233331 UTC,Hello :)
2023-05-26 01:40:09.747135627 UTC,http://bit.ly/e1E62g?r=qr
2023-05-26 01:40:09.748027914 UTC,http://www.wikipedia.com
2023-05-26 01:40:09.748908549 UTC,Hello :)
2023-05-26 01:40:09.749838006 UTC,http://bit.ly/e1E62g?r=qr
2023-05-26 01:40:09.750940531 UTC,http://www.wikipedia.com
2023-05-26 01:40:09.752151621 UTC,Hello :)
2023-05-26 01:40:09.753262721 UTC,http://bit.ly/e1E62g?r=qr
2023-05-26 01:40:09.754365566 UTC,http://www.wikipedia.com
2023-05-26 01:40:09.755471737 UTC,Hello :)
2023-05-26 01:40:09.756567027 UTC,http://bit.ly/e1E62g?r=qr
2023-05-26 01:40:09.757667588 UTC,http://www.wikipedia.com
2023-05-26 01:40:09.758810659 UTC,Hello :)
2023-05-26 01:40:09.760703347 UTC,Hello :)
2023-05-26 01:40:09.761597798 UTC,http://www.wikipedia.com
2023-05-26 01:40:09.762493271 UTC,http://bit.ly/e1E62g?r=qr
2023-05-26 01:40:09.763381951 UTC,http://www.wikipedia.com
2023-05-26 01:40:09.764273707 UTC,Hello :)
2023-05-26 01:40:09.765160223 UTC,http://bit.ly/e1E62g?r=qr
2023-05-26 01:40:09.766046649 UTC,http://www.wikipedia.com
2023-05-26 01:40:09.766944957 UTC,Hello :)
2023-05-26 01:40:09.767930110 UTC,Hello :)
2023-05-26 01:40:09.768830392 UTC,http://www.wikipedia.com
2023-05-26 01:40:09.769724392 UTC,http://bit.ly/e1E62g?r=qr
2023-05-26 01:40:09.770635625 UTC,http://www.wikipedia.com
2023-05-26 01:40:09.771530146 UTC,Hello :)
2023-05-26 01:40:09.772430658 UTC,http://bit.ly/e1E62g?r=qr
2023-05-26 01:40:09.773323546 UTC,http://www.wikipedia.com
2023-05-26 01:40:09.774223557 UTC,Hello :)
2023-05-26 01:40:09.775113129 UTC,http://bit.ly/e1E62g?r=qr
2023-05-26 01:40:09.776006648 UTC,http://www.wikipedia.com
2023-05-26 01:40:09.776909305 UTC,Hello :)
2023-05-26 01:40:09.777802133 UTC,http://bit.ly/e1E62g?r=qr
2023-05-26 01:40:09.778693267 UTC,http://www.wikipedia.com
2023-05-26 01:40:09.779588229 UTC,Hello :)
2023-05-26 01:40:09.780485776 UTC,http://bit.ly/e1E62g?r=qr
2023-05-26 01:40:09.781377261 UTC,http://www.wikipedia.com
2023-05-26 01:40:09.782283815 UTC,Hello :)
2023-05-26 01:40:09.783181132 UTC,http://bit.ly/e1E62g?r=qr
2023-05-26 01:40:09.784076034 UTC,http://www.wikipedia.com
2023-05-26 01:40:09.785057169 UTC,Hello :)
2023-05-26 01:40:09.785959845 UTC,http://bit.ly/e1E62g?r=qr
2023-05-26 01:40:09.786862342 UTC,http://www.wikipedia.com
2023-05-26 01:40:09.787752184 UTC,Hello :)
2023-05-26 01:40:09.788643268 UTC,http://bit.ly/e1E62g?r=qr
2023-05-26 01:40:09.789537819 UTC,http://www.wikipedia.com
2023-05-26 01:40:09.790440846 UTC,Hello :)
2023-05-26 01:40:09.791340637 UTC,http://bit.ly/e1E62g?r=qr
2023-05-26 01:40:09.792237483 UTC,http://www.wikipedia.com
2023-05-26 01:40:09.793132154 UTC,Hello :)
2023-05-26 01:40:09.794049799 UTC,http://bit.ly/e1E62g?r=qr
2023-05-26 01:40:09.794945873 UTC,http://www.wikipedia.com
2023-05-26 01:40:09.795836287 UTC,Hello :)
2023-05-26 01:40:09.797137677 UTC,http://bit.ly/e1E62g?r=qr
2023-05-26 01:40:09.798037077 UTC,http://www.wikipedia.com
2023-05-26 01:40:09.798930536 UTC,Hello :)
2023-05-26 01:40:09.799822041 UTC,Hello :)
2023-05-26 01:40:09.800722864 UTC,http://www.wikipedia.com
2023-05-26 01:40:09.801705182 UTC,http://bit.ly/e1E62g?r=qr
2023-05-26 01:40:09.802606285 UTC,http://www.wikipedia.com
2023-05-26 01:40:09.803521937 UTC,Hello :)
2023-05-26 01:40:09.804422068 UTC,http://bit.ly/e1E62g?r=qr
2023-05-26 01:40:09.805319785 UTC,http://www.wikipedia.com
2023-05-26 01:40:09.806231899 UTC,Hello :)
2023-05-26 01:40:09.807149854 UTC,http://bit.ly/e1E62g?r=qr
2023-05-26 01:40:09.808061809 UTC,http://www.wikipedia.com
2023-05-26 01:40:09.808963533 UTC,Hello :)
2023-05-26 01:40:09.809875588 UTC,http://bit.ly/e1E62g?r=qr
2023-05-26 01:40:09.811177048 UTC,http://www.wikipedia.com
2023-05-26 01:40:09.812085997 UTC,Hello :)
2023-05-26 01:40:09.812992130 UTC,http://bit.ly/e1E62g?r=qr
2023-05-26 01:40:09.813911669 UTC,http://www.wikipedia.com
2023-05-26 01:40:09.814823362 UTC,Hello :)
2023-05-26 01:40:09.815721229 UTC,http://bit.ly/e1E62g?r=qr
2023-05-26 01:40:09.816653992 UTC,http://www.wikipedia.com
2023-05-26 01:40:09.817579672 UTC,Hello :)
2023-05-26 01:40:09.818577549 UTC,http://bit.ly/e1E62g?r=qr
2023-05-26 01:40:09.819959151 UTC,http://www.wikipedia.com
2023-05-26 01:40:09.820878860 UTC,Hello :)
2023-05-26 01:40:09.821788439 UTC,http://bit.ly/e1E62g?r=qr
2023-05-26 01:40:09.823057297 UTC,http://www.wikipedia.com
2023-05-26 01:40:09.823972838 UTC,Hello :)
2023-05-26 01:40:09.825407781 UTC,http://bit.ly/e1E62g?r=qr
2023-05-26 01:40:09.826319545 UTC,http://www.wikipedia.com
2023-05-26 01:40:09.827237701 UTC,Hello :)
2023-05-26 01:40:09.828167499 UTC,http://bit.ly/e1E62g?r=qr
2023-05-26 01:40:09.829089602 UTC,http://www.wikipedia.com
2023-05-26 01:40:09.830004552 UTC,Hello :)
2023-05-26 01:40:09.831394279 UTC,http://bit.ly/e1E62g?r=qr
2023-05-26 01:40:09.832304570 UTC,http://www.wikipedia.com
2023-05-26 01:40:09.833232013 UTC,Hello :)
2023-05-26 01:40:09.834148426 UTC,http://bit.ly/e1E62g?r=qr
2023-05-26 01:40:09.835170578 UTC,http://www.wikipedia.com
2023-05-26 01:40:09.836092120 UTC,Hello :)
2023-05-26 01:40:09.837011208 UTC,http://bit.ly/e1E62g?r=qr
2023-05-26 01:40:09.837931057 UTC,http://www.wikipedia.com
2023-05-26 01:40:09.838851897 UTC,Hello :)
2023-05-26 01:40:09.839779210 UTC,http://bit.ly/e1E62g?r=qr
2023-05-26 01:40:09.840711322 UTC,http://www.wikipedia.com
2023-05-26 01:40:09.841630560 UTC,Hello :)
2023-05-26 01:40:09.842548075 UTC,http://bit.ly/e1E62g?r=qr
2023-05-26 01:40:09.843478264 UTC,http://www.wikipedia.com
2023-05-26 01:40:09.844404976 UTC,Hello :)
2023-05-26 01:40:09.845319535 UTC,http://bit.ly/e1E62g?r=qr
2023-05-26 01:40:09.846241989 UTC,http://www.wikipedia.com
2023-05-26 01:40:09.847167098 UTC,Hello :)
2023-05-26 01:40:09.848092497 UTC,http://bit.ly/e1E62g?r=qr
2023-05-26 01:40:09.849243904 UTC,http://www.wikipedia.com
2023-05-26 01:40:09.850166417 UTC,Hello :)
2023-05-26 01:40:09.851078983 UTC,http://bit.ly/e1E62g?r=qr
2023-05-26 01:40:09.852080807 UTC,http://www.wikipedia.com
2023-05-26 01:40:09.853007619 UTC,Hello :)
2023-05-26 01:40:09.853930264 UTC,http://bit.ly/e1E62g?r=qr
2023-05-26 01:40:09.854849882 UTC,http://www.wikipedia.com
2023-05-26 01:40:09.855768338 UTC,Hello :)
2023-05-26 01:40:09.856680171 UTC,http://bit.ly/e1E62g?r=qr
2023-05-26 01:40:09.857599620 UTC,http://www.wikipedia.com
2023-05-26 01:40:09.858511975 UTC,Hello :)
2023-05-26 01:40:09.859434068 UTC,http://bit.ly/e1E62g?r=qr
2023-05-26 01:40:09.860353026 UTC,http://www.wikipedia.com
2023-05-26 01:40:09.861273446 UTC,Hello :)
2023-05-26 01:40:09.862186622 UTC,http://bit.ly/e1E62g?r=qr
2023-05-26 01:40:09.863119356 UTC,http://www.wikipedia.com
2023-05-26 01:40:09.864042982 UTC,Hello :)
2023-05-26 01:40:09.864959364 UTC,http://bit.ly/e1E62g?r=qr
2023-05-26 01:40:09.865869615 UTC,http://www.wikipedia.com
2023-05-26 01:40:09.866786919 UTC,Hello :)
2023-05-26 01:40:09.867707860 UTC,http://bit.ly/e1E62g?r=qr
2023-05-26 01:40:09.868699244 UTC,http://www.wikipedia.com
2023-05-26 01:40:09.869627078 UTC,Hello :)
2023-05-26 01:40:09.870555013 UTC,http://bit.ly/e1E62g?r=qr
2023-05-26 01:40:09.871485963 UTC,http://www.wikipedia.com
2023-05-26 01:40:09.872409629 UTC,Hello :)
2023-05-26 01:40:09.873341601 UTC,http://bit.ly/e1E62g?r=qr
2023-05-26 01:40:09.874271920 UTC,http://www.wikipedia.com
2023-05-26 01:40:09.875191999 UTC,Hello :)
2023-05-26 01:40:09.876107159 UTC,http://bit.ly/e1E62g?r=qr
2023-05-26 01:40:09.877463002 UTC,http://www.wikipedia.com
2023-05-26 01:40:09.878380757 UTC,Hello :)
2023-05-26 01:40:09.879294355 UTC,http://bit.ly/e1E62g?r=qr
2023-05-26 01:40:09.880205728 UTC,http://www.wikipedia.com
2023-05-26 01:40:09.881122210 UTC,Hello :)
2023-05-26 01:40:09.882033132 UTC,http://bit.ly/e1E62g?r=qr
2023-05-26 01:40:09.882935999 UTC,http://www.wikipedia.com
2023-05-26 01:40:09.883864504 UTC,Hello :)
2023-05-26 01:40:09.884868492 UTC,http://bit.ly/e1E62g?r=qr
2023-05-26 01:40:09.885784865 UTC,http://www.wikipedia.com
2023-05-26 01:40:09.886702870 UTC,Hello :)
2023-05-26 01:40:09.887618171 UTC,http://bit.ly/e1E62g?r=qr
2023-05-26 01:40:09.888531488 UTC,http://www.wikipedia.com
2023-05-26 01:40:09.889440296 UTC,Hello :)
2023-05-26 01:40:09.890359253 UTC,http://bit.ly/e1E62g?r=qr
2023-05-26 01:40:09.891281076 UTC,http://www.wikipedia.com
2023-05-26 01:40:09.892198921 UTC,Hello :)
2023-05-26 01:40:09.893107919 UTC,http://bit.ly/e1E62g?r=qr
2023-05-26 01:40:09.894479141 UTC,http://www.wikipedia.com
2023-05-26 01:40:09.895394031 UTC,Hello :)
2023-05-26 01:40:09.896298772 UTC,http://bit.ly/e1E62g?r=qr
2023-05-26 01:40:09.897217458 UTC,http://www.wikipedia.com
2023-05-26 01:40:09.898130644 UTC,Hello :)
2023-05-26 01:40:09.899033451 UTC,http://bit.ly/e1E62g?r=qr
2023-05-26 01:40:09.899952258 UTC,http://www.wikipedia.com
2023-05-26 01:40:09.900867388 UTC,Hello :)
2023-05-26 01:40:09.901851929 UTC,http://bit.ly/e1E62g?r=qr
2023-05-26 01:40:09.902771177 UTC,http://www.wikipedia.com
2023-05-26 01:40:09.903714140 UTC,Hello :)
2023-05-26 01:40:09.904632587 UTC,http://bit.ly/e1E62g?r=qr
2023-05-26 01:40:09.905563707 UTC,http://www.wikipedia.com
2023-05-26 01:40:09.906477385 UTC,Hello :)
2023-05-26 01:40:09.907399337 UTC,http://bit.ly/e1E62g?r=qr
2023-05-26 01:40:09.908314557 UTC,http://www.wikipedia.com
2023-05-26 01:40:09.909228295 UTC,Hello :)
2023-05-26 01:40:09.910140739 UTC,http://bit.ly/e1E62g?r=qr
2023-05-26 01:40:09.911055529 UTC,http://www.wikipedia.com
2023-05-26 01:40:09.911966281 UTC,Hello :)
2023-05-26 01:40:09.913375565 UTC,http://bit.ly/e1E62g?r=qr
2023-05-26 01:40:09.914291898 UTC,http://www.wikipedia.com
2023-05-26 01:40:09.915209342 UTC,Hello :)
2023-05-26 01:40:09.916123830 UTC,http://bit.ly/e1E62g?r=qr
2023-05-26 01:40:09.917044581 UTC,http://www.wikipedia.com
2023-05-26 01:40:09.918048479 UTC,Hello :)
2023-05-26 01:42:27.544090950 UTC,https://www.investopedia.com/terms/q/quick-response-qr-code.asp
2023-05-26 01:42:27.545334711 UTC,https://www.investopedia.com/terms/q/quick-response-qr-code.asp
2023-05-26 01:42:27.546444951 UTC,https://www.investopedia.com/terms/q/quick-response-qr-code.asp
2023-05-26 01:42:27.547557774 UTC,https://www.investopedia.com/terms/q/quick-response-qr-code.asp
2023-05-26 01:42:27.548671529 UTC,https://www.investopedia.com/terms/q/quick-response-qr-code.asp
2023-05-26 01:42:27.549776949 UTC,https://www.investopedia.com/terms/q/quick-response-qr-code.asp
2023-05-26 01:42:27.550886156 UTC,https://www.investopedia.com/terms/q/quick-response-qr-code.asp
2023-05-26 01:42:27.551988821 UTC,https://www.investopedia.com/terms/q/quick-response-qr-code.asp
2023-05-26 01:42:27.553153162 UTC,https://www.investopedia.com/terms/q/quick-response-qr-code.asp
2023-05-26 01:42:33.230766693 UTC,https://www.investopedia.com/terms/q/quick-response-qr-code.asp
2023-05-26 01:42:33.231924652 UTC,https://www.investopedia.com/terms/q/quick-response-qr-code.asp
2023-05-26 01:42:33.232825445 UTC,https://www.investopedia.com/terms/q/quick-response-qr-code.asp
2023-05-26 01:42:33.233725427 UTC,https://www.investopedia.com/terms/q/quick-response-qr-code.asp
2023-05-26 01:42:33.234623274 UTC,https://www.investopedia.com/terms/q/quick-response-qr-code.asp
2023-05-26 01:42:33.235528234 UTC,https://www.investopedia.com/terms/q/quick-response-qr-code.asp
2023-05-26 01:42:33.236485404 UTC,https://www.investopedia.com/terms/q/quick-response-qr-code.asp
2023-05-26 01:42:33.237764883 UTC,https://www.investopedia.com/terms/q/quick-response-qr-code.asp
2023-05-26 01:42:35.491215086 UTC,https://www.investopedia.com/terms/q/quick-response-qr-code.asp
2023-05-26 01:42:35.492313041 UTC,https://www.investopedia.com/terms/q/quick-response-qr-code.asp
2023-05-26 01:42:35.493199316 UTC,https://www.investopedia.com/terms/q/quick-response-qr-code.asp
2023-05-26 01:42:35.494086524 UTC,https://www.investopedia.com/terms/q/quick-response-qr-code.asp
2023-05-26 01:42:35.494967109 UTC,https://www.investopedia.com/terms/q/quick-response-qr-code.asp
2023-05-26 01:42:35.495843756 UTC,https://www.investopedia.com/terms/q/quick-response-qr-code.asp
2023-05-26 01:42:38.011857615 UTC,https://www.investopedia.com/terms/q/quick-response-qr-code.asp
